GARAN,http://www.hisse.net/forum/showthread.php?t=94871
GUBRF,http://www.hisse.net/forum/showthread.php?t=118248
GUSGR,http://www.hisse.net/forum/showthread.php?t=57941
HALKB,http://www.hisse.net/forum/showthread.php?t=57944
FROTO,http://www.hisse.net/forum/showthread.php?t=94870
GOLTS,http://www.hisse.net/forum/showthread.php?t=125754
GOODY,http://www.hisse.net/forum/showthread.php?t=122587
GARFA,http://www.hisse.net/forum/showthread.php?t=57813
GENTS,http://www.hisse.net/forum/showthread.php?t=57816
GLYHO,http://www.hisse.net/forum/showthread.php?t=77150
GSDHO,http://www.hisse.net/forum/showthread.php?t=115611
FINBN,http://www.hisse.net/forum/showthread.php?t=57807
GEREL,http://www.hisse.net/forum/showthread.php?t=57820
GSRAY,http://www.hisse.net/forum/showthread.php?t=122589
GSDDE,http://www.hisse.net/forum/showthread.php?t=103960
FMIZP,http://www.hisse.net/forum/showthread.php?t=89176
GOLTS,http://www.hisse.net/forum/showthread.php?t=103959
GUBRF,http://www.hisse.net/forum/showthread.php?t=94869
GSDHO,http://www.hisse.net/forum/showthread.php?t=94868
AKENR,http://www.hisse.net/forum/showthread.php?t=76092
ADANA,http://www.hisse.net/forum/showthread.php?t=58460
ADNAC,http://www.hisse.net/forum/showthread.php?t=45462
ALARK,http://www.hisse.net/forum/showthread.php?t=45481
AKSA-,http://www.hisse.net/forum/showthread.php?t=45474
ALCAR,http://www.hisse.net/forum/showthread.php?t=103952
ADEL-,http://www.hisse.net/forum/showthread.php?t=122588
ALCTL,http://www.hisse.net/forum/showthread.php?t=94851
AKBNK,http://www.hisse.net/forum/showthread.php?t=45472
AKPAZ,http://www.hisse.net/forum/showthread.php?t=107598
AKGRT,http://www.hisse.net/forum/showthread.php?t=45467
ADBGR,http://www.hisse.net/forum/showthread.php?t=58459
AEFES,http://www.hisse.net/forum/showthread.php?t=45475
AKFEN,http://www.hisse.net/forum/showthread.php?t=46554
AFYON,http://www.hisse.net/forum/showthread.php?t=84837
ALKIM,http://www.hisse.net/forum/showthread.php?t=130866
ALKA-,http://www.hisse.net/forum/showthread.php?t=45470
AKSUE,http://www.hisse.net/forum/showthread.php?t=45469
AKSEN,http://www.hisse.net/forum/showthread.php?t=46989
ALBRK,http://www.hisse.net/forum/showthread.php?t=18065
AKCNS,http://www.hisse.net/forum/showthread.php?t=45480
ALKIM,http://www.hisse.net/forum/showthread.php?t=103951
SASA ,http://www.hisse.net/forum/showthread.php?t=67950
NUHCM,http://www.hisse.net/forum/showthread.php?t=375
PINSU,http://www.hisse.net/forum/showthread.php?t=94888
PKART,http://www.hisse.net/forum/showthread.php?t=86005
SARKY,http://www.hisse.net/forum/showthread.php?t=63430
OZBAL,http://www.hisse.net/forum/showthread.php?t=72242
PRKME,http://www.hisse.net/forum/showthread.php?t=63386
OTKAR,http://www.hisse.net/forum/showthread.php?t=111903
PETKM,http://www.hisse.net/forum/showthread.php?t=129087
ROYAL,http://www.hisse.net/forum/showthread.php?t=105325
PGSUS,http://www.hisse.net/forum/showthread.php?t=129086
PRKAB,http://www.hisse.net/forum/showthread.php?t=67946
PENGD,http://www.hisse.net/forum/showthread.php?t=129088
PTOFS,http://www.hisse.net/forum/showthread.php?t=63379
NTTUR,http://www.hisse.net/forum/showthread.php?t=62871
RYSAS,http://www.hisse.net/forum/showthread.php?t=129085
PARSN,http://www.hisse.net/forum/showthread.php?t=63139
SAHOL,http://www.hisse.net/forum/showthread.php?t=399
OLMIP,http://www.hisse.net/forum/showthread.php?t=93947
PETUN,http://www.hisse.net/forum/showthread.php?t=63138
PNSUT,http://www.hisse.net/forum/showthread.php?t=63141
SANKO,http://www.hisse.net/forum/showthread.php?t=400
PIMAS,http://www.hisse.net/forum/showthread.php?t=365
PENGD,http://www.hisse.net/forum/showthread.php?t=63140
PETKM,http://www.hisse.net/forum/showthread.php?t=94887
KONYA,http://www.hisse.net/forum/showthread.php?t=118250
KRDMB,http://www.hisse.net/forum/showthread.php?t=58472
KRSTL,http://www.hisse.net/forum/showthread.php?t=129881
KLMSN,http://www.hisse.net/forum/showthread.php?t=94882
KOZAL,http://www.hisse.net/forum/showthread.php?t=121597
KENT-,http://www.hisse.net/forum/showthread.php?t=86899
KILER,http://www.hisse.net/forum/showthread.php?t=94880
KOZAA,http://www.hisse.net/forum/showthread.php?t=94883
KIPA ,http://www.hisse.net/forum/showthread.php?t=47641
KRDMD,http://www.hisse.net/forum/showthread.php?t=122584
KERVT,http://www.hisse.net/forum/showthread.php?t=94881
KUTPO,http://www.hisse.net/forum/showthread.php?t=62867
KARTN,http://www.hisse.net/forum/showthread.php?t=111907
KARSN,http://www.hisse.net/forum/showthread.php?t=130865
KNFRT,http://www.hisse.net/forum/showthread.php?t=77155
KRATL,http://www.hisse.net/forum/showthread.php?t=90847
KORDS,http://www.hisse.net/forum/showthread.php?t=47644
KRDMA,http://www.hisse.net/forum/showthread.php?t=58471
KCHOL,http://www.hisse.net/forum/showthread.php?t=57942
KARSN,http://www.hisse.net/forum/showthread.php?t=57931
KOZAL,http://www.hisse.net/forum/showthread.php?t=111906
KONYA,http://www.hisse.net/forum/showthread.php?t=84800
ARSAN,http://www.hisse.net/forum/showthread.php?t=63119
ASUZU,http://www.hisse.net/forum/showthread.php?t=110814
BAGFS,http://www.hisse.net/forum/showthread.php?t=98609
AYEN-,http://www.hisse.net/forum/showthread.php?t=63368
ATEKS,http://www.hisse.net/forum/showthread.php?t=129082
BAKAB,http://www.hisse.net/forum/showthread.php?t=63118
ARENA,http://www.hisse.net/forum/showthread.php?t=94854
ANELE,http://www.hisse.net/forum/showthread.php?t=48034
ANACM,http://www.hisse.net/forum/showthread.php?t=226
ASELS,http://www.hisse.net/forum/showthread.php?t=122585
BANVT,http://www.hisse.net/forum/showthread.php?t=63115
AYGAZ,http://www.hisse.net/forum/showthread.php?t=67891
ANSGR,http://www.hisse.net/forum/showthread.php?t=228
ALYAG,http://www.hisse.net/forum/showthread.php?t=111072
ANHYT,http://www.hisse.net/forum/showthread.php?t=227
ARCLK,http://www.hisse.net/forum/showthread.php?t=39119
ANELT,http://www.hisse.net/forum/showthread.php?t=63364
ASYAB,http://www.hisse.net/forum/showthread.php?t=126259
ATEKS,http://www.hisse.net/forum/showthread.php?t=115609
ASYAB,http://www.hisse.net/forum/showthread.php?t=94856
IEYHO,http://www.hisse.net/forum/showthread.php?t=94872
HURGZ,http://www.hisse.net/forum/showthread.php?t=57937
IHGZT,http://www.hisse.net/forum/showthread.php?t=94876
ISATR,http://www.hisse.net/forum/showthread.php?t=58463
HEKTS,http://www.hisse.net/forum/showthread.php?t=57934
KAREL,http://www.hisse.net/forum/showthread.php?t=57940
IZMDC,http://www.hisse.net/forum/showthread.php?t=63270
IHLAS,http://www.hisse.net/forum/showthread.php?t=134172
IZOCM,http://www.hisse.net/forum/showthread.php?t=94873
IPEKE,http://www.hisse.net/forum/showthread.php?t=118249
IHEVA,http://www.hisse.net/forum/showthread.php?t=94874
IHYAY,http://www.hisse.net/forum/showthread.php?t=63373
ISFIN,http://www.hisse.net/forum/showthread.php?t=94877
INDES,http://www.hisse.net/forum/showthread.php?t=103965
ITTFH,http://www.hisse.net/forum/showthread.php?t=94878
ISCTR,http://www.hisse.net/forum/showthread.php?t=63127
ISMEN,http://www.hisse.net/forum/showthread.php?t=57943
ISBTR,http://www.hisse.net/forum/showthread.php?t=58464
ISKUR,http://www.hisse.net/forum/showthread.php?t=58491
ISYHO,http://www.hisse.net/forum/showthread.php?t=94875
IHLAS,http://www.hisse.net/forum/showthread.php?t=103966
IPEKE,http://www.hisse.net/forum/showthread.php?t=111905
HZNDR,http://www.hisse.net/forum/showthread.php?t=57938
INDES,http://www.hisse.net/forum/showthread.php?t=38009
DITAS,http://www.hisse.net/forum/showthread.php?t=51070
CEMTS,http://www.hisse.net/forum/showthread.php?t=51047
CLEBI,http://www.hisse.net/forum/showthread.php?t=51055
CRDFA,http://www.hisse.net/forum/showthread.php?t=51045
DMSAS,http://www.hisse.net/forum/showthread.php?t=51081
DEVA-,http://www.hisse.net/forum/showthread.php?t=94863
DOCO ,http://www.hisse.net/forum/showthread.php?t=55810
DOAS-,http://www.hisse.net/forum/showthread.php?t=51085
COMDO,http://www.hisse.net/forum/showthread.php?t=51054
CMBTN,http://www.hisse.net/forum/showthread.php?t=94862
DERIM,http://www.hisse.net/forum/showthread.php?t=51071
CEMAS,http://www.hisse.net/forum/showthread.php?t=84812
DENCM,http://www.hisse.net/forum/showthread.php?t=51057
DGKLB,http://www.hisse.net/forum/showthread.php?t=47645
CIMSA,http://www.hisse.net/forum/showthread.php?t=51052
MUTGG,http://www.hisse.net/forum/showthread.php?t=137123
MERKO,http://www.hisse.net/forum/showthread.php?t=47636
MNDRS,http://www.hisse.net/forum/showthread.php?t=129084
MRDIN,http://www.hisse.net/forum/showthread.php?t=384
NETAS,http://www.hisse.net/forum/showthread.php?t=115612
MIPAZ,http://www.hisse.net/forum/showthread.php?t=94884
METRO,http://www.hisse.net/forum/showthread.php?t=129083
MRSHL,http://www.hisse.net/forum/showthread.php?t=84793
MGROS,http://www.hisse.net/forum/showthread.php?t=77153
MARTI,http://www.hisse.net/forum/showthread.php?t=94885
MUTLU,http://www.hisse.net/forum/showthread.php?t=115613
LOGO ,http://www.hisse.net/forum/showthread.php?t=47639
LINK ,http://www.hisse.net/forum/showthread.php?t=47632
MUTGG,http://www.hisse.net/forum/showthread.php?t=111381
MAALT,http://www.hisse.net/forum/showthread.php?t=47642
NTHOL,http://www.hisse.net/forum/showthread.php?t=63387
MNDRS,http://www.hisse.net/forum/showthread.php?t=91747
METRO,http://www.hisse.net/forum/showthread.php?t=118247
METRO,http://www.hisse.net/forum/showthread.php?t=111908
MUTLU,http://www.hisse.net/forum/showthread.php?t=94886
NETAS,http://www.hisse.net/forum/showthread.php?t=99743
EGEEN,http://www.hisse.net/forum/showthread.php?t=137122
DOHOL,http://www.hisse.net/forum/showthread.php?t=103956
ECZYT,http://www.hisse.net/forum/showthread.php?t=84792
ERBOS,http://www.hisse.net/forum/showthread.php?t=94866
DYOBY,http://www.hisse.net/forum/showthread.php?t=67896
ECILC,http://www.hisse.net/forum/showthread.php?t=63124
EREGL,http://www.hisse.net/forum/showthread.php?t=113976
EMKEL,http://www.hisse.net/forum/showthread.php?t=51075
EGSER,http://www.hisse.net/forum/showthread.php?t=67895
ENKAI,http://www.hisse.net/forum/showthread.php?t=63269
FENER,http://www.hisse.net/forum/showthread.php?t=94849
EDIP-,http://www.hisse.net/forum/showthread.php?t=51073
EGEEN,http://www.hisse.net/forum/showthread.php?t=122753
EGGUB,http://www.hisse.net/forum/showthread.php?t=94865
ERSU-,http://www.hisse.net/forum/showthread.php?t=57808
ECYAP,http://www.hisse.net/forum/showthread.php?t=51082
DURDO,http://www.hisse.net/forum/showthread.php?t=103957
TUPRS,http://www.hisse.net/forum/showthread.php?t=94845
TTRAK,http://www.hisse.net/forum/showthread.php?t=89179
ZOREN,http://www.hisse.net/forum/showthread.php?t=63058
YATAS,http://www.hisse.net/forum/showthread.php?t=94844
ULKER,http://www.hisse.net/forum/showthread.php?t=34643
YUNSA,http://www.hisse.net/forum/showthread.php?t=94846
VAKBN,http://www.hisse.net/forum/showthread.php?t=77163
YAZIC,http://www.hisse.net/forum/showthread.php?t=449
TUKAS,http://www.hisse.net/forum/showthread.php?t=84787
VESTL,http://www.hisse.net/forum/showthread.php?t=63060
TSPOR,http://www.hisse.net/forum/showthread.php?t=113195
VAKFN,http://www.hisse.net/forum/showthread.php?t=63062
USAK	,http://www.hisse.net/forum/showthread.php?t=89180
UNYEC,http://www.hisse.net/forum/showthread.php?t=418
YKBNK,http://www.hisse.net/forum/showthread.php?t=32708
VAKKO,http://www.hisse.net/forum/showthread.php?t=94843
TTKOM,http://www.hisse.net/forum/showthread.php?t=98612
UYUM ,http://www.hisse.net/forum/showthread.php?t=91707
VESBE,http://www.hisse.net/forum/showthread.php?t=8302
VKING,http://www.hisse.net/forum/showthread.php?t=63435
THYAO,http://www.hisse.net/forum/showthread.php?t=134173
TCELL,http://www.hisse.net/forum/showthread.php?t=115615
TRKCM,http://www.hisse.net/forum/showthread.php?t=426
TKFEN,http://www.hisse.net/forum/showthread.php?t=67948
TRCAS,http://www.hisse.net/forum/showthread.php?t=67947
TAVHL,http://www.hisse.net/forum/showthread.php?t=63434
TMSN ,http://www.hisse.net/forum/showthread.php?t=115614
TOASO,http://www.hisse.net/forum/showthread.php?t=71620
SODA	,http://www.hisse.net/forum/showthread.php?t=409
TATGD,http://www.hisse.net/forum/showthread.php?t=411
TEKTU,http://www.hisse.net/forum/showthread.php?t=115616
TIRE-,http://www.hisse.net/forum/showthread.php?t=97072
TBORG,http://www.hisse.net/forum/showthread.php?t=94894
TSKB ,http://www.hisse.net/forum/showthread.php?t=94893
TKNSA,http://www.hisse.net/forum/showthread.php?t=86614
SISE	,http://www.hisse.net/forum/showthread.php?t=94895
SKTAS,http://www.hisse.net/forum/showthread.php?t=63148
SKBNK,http://www.hisse.net/forum/showthread.php?t=30847
TEBNK,http://www.hisse.net/forum/showthread.php?t=63432
TEKST,http://www.hisse.net/forum/showthread.php?t=94891
SELEC,http://www.hisse.net/forum/showthread.php?t=63433
THYAO,http://www.hisse.net/forum/showthread.php?t=121617
THYAO,http://www.hisse.net/forum/showthread.php?t=114259
TEKTU,http://www.hisse.net/forum/showthread.php?t=84799
TCELL,http://www.hisse.net/forum/showthread.php?t=34611
BSOKE,http://www.hisse.net/forum/showthread.php?t=51044
BFREN,http://www.hisse.net/forum/showthread.php?t=63111
BUCIM,http://www.hisse.net/forum/showthread.php?t=51036
CARFB,http://www.hisse.net/forum/showthread.php?t=58461
CARFA,http://www.hisse.net/forum/showthread.php?t=51042
BRSAN,http://www.hisse.net/forum/showthread.php?t=125853
BJKAS,http://www.hisse.net/forum/showthread.php?t=115610
BRISA,http://www.hisse.net/forum/showthread.php?t=90753
BOLUC,http://www.hisse.net/forum/showthread.php?t=246
BOSSA,http://www.hisse.net/forum/showthread.php?t=63117
BIZIM,http://www.hisse.net/forum/showthread.php?t=59566
BIMAS,http://www.hisse.net/forum/showthread.php?t=63113
BTCIM,http://www.hisse.net/forum/showthread.php?t=51043
BMEKS,http://www.hisse.net/forum/showthread.php?t=63795
BOYNR,http://www.hisse.net/forum/showthread.php?t=63367
BRYAT,http://www.hisse.net/forum/showthread.php?t=51051
CCOLA,http://www.hisse.net/forum/showthread.php?t=51050
BURVA,http://www.hisse.net/forum/showthread.php?t=51040
BURCE,http://www.hisse.net/forum/showthread.php?t=94859
BOYP ,http://www.hisse.net/forum/showthread.php?t=63173
BRSAN,http://www.hisse.net/forum/showthread.php?t=51038
