KARSN-LATEK,http://www.hisse.net/forum/forumdisplay.php?f=168
LINK-NTHOL,http://www.hisse.net/forum/forumdisplay.php?f=35
DOHOL-FENIS,http://www.hisse.net/forum/forumdisplay.php?f=32
TSPOR-ZOREN,http://www.hisse.net/forum/forumdisplay.php?f=40
SEKFK-TSKB,http://www.hisse.net/forum/forumdisplay.php?f=37
BFREN-CCOLA,http://www.hisse.net/forum/forumdisplay.php?f=30
FFKRL-HALKB,http://www.hisse.net/forum/forumdisplay.php?f=33
NTTUR-SASA,http://www.hisse.net/forum/forumdisplay.php?f=36
ALYAG-BANVT,http://www.hisse.net/forum/forumdisplay.php?f=29
ADANA-ALNTF,http://www.hisse.net/forum/forumdisplay.php?f=28
CELHA-DOCO,http://www.hisse.net/forum/forumdisplay.php?f=31
HEKTS-KAREL,http://www.hisse.net/forum/forumdisplay.php?f=34
